{
    "afgan": {
        "psnr": [
            14.305372507961081,
            14.352473108499836,
            13.98964221745685,
            12.080075307490684,
            12.0916190169485
        ],
        "ssim": [
            0.4521340325334419,
            0.4474953988035435,
            0.42728907454313214,
            0.33059256449958335,
            0.3256594493448976
        ]
    },
    "afgan_channel": {
        "psnr": [
            12.952838548935775,
            12.594618610835832,
            13.293300758648321,
            13.432433904410777,
            13.357030908059444
        ],
        "ssim": [
            0.3661546159043394,
            0.37404761697950667,
            0.3913408897462108,
            0.4006958121231981,
            0.3989085346996088
        ]
    },
    "afgan_cond": {
        "psnr": [
            12.600012791766993,
            12.543665482016575,
            13.163513669442246,
            13.278724195486852,
            13.726677395610222
        ],
        "ssim": [
            0.32631710606144804,
            0.2745607309441336,
            0.2793228526696793,
            0.2866683049788195,
            0.3866810672691809
        ]
    },
    "cdcgan": {
        "psnr": [
            11.758733436281599,
            11.66310408465362,
            11.670533981324319,
            11.354528851748242,
            10.919827267421374
        ],
        "ssim": [
            0.313605000742274,
            0.23594525570143018,
            0.26434602043822536,
            0.25544220915380533,
            0.23716676681928908
        ]
    },
    "cdcgan_up_flatten": {
        "psnr": [
            11.827106703645223,
            11.41424766911709,
            13.144431835113542,
            13.122640065168625,
            13.1875203290784
        ],
        "ssim": [
            0.36320105560867627,
            0.2710323968465766,
            0.408886699559758,
            0.4063920016497591,
            0.4072698653317426
        ]
    },
    "cdcgan_up_modified": {
        "psnr": [
            12.698552484470929,
            12.723203291890545,
            12.816086952968355,
            12.756728909571775,
            13.0554443885919
        ],
        "ssim": [
            0.31622029878630237,
            0.448927266627521,
            0.457529966620183,
            0.33154138731724664,
            0.3646991466156124
        ]
    }
}